first_name,last_name,pelicula
Kris,Clegg,All the Young Men
Karlen,Cotton,Moby Dick
Hayward,Pay,Mac and Me
Morrie,Zarfai,Humpday
Lonni,Hryncewicz,Caribe
Thebault,Langridge,More
Lorette,Lowerson,Heartbeat
Andre,Humes,"Unknown Soldier, The (Unbekannte Soldat, Der)"
Daryn,Swains,Men in Black II (a.k.a. MIIB) (a.k.a. MIB 2)
Payton,Gascard,Tribute
Tony,Lebreton,"Killer Elite, The"
Linnie,Lomas,Side Street
Patten,Jewis,Withnail & I
Herman,Guidelli,Good Bye (Bé omid é didar)
Sibylle,Lumbly,"Union, The"
Bernadette,Brogini,I Know What You Did Last Summer
Ado,Deboy,"Sunfish, The (Klumpfisken)"
Cairistiona,Midlar,Johnny Angel
Jessica,Wraggs,"Shot in the Dark, A"
Avie,Martinuzzi,Fjols til fjells
Mellisa,Orht,"Beautiful Country, The"
Pepe,O'Reagan,Young Guns
Lorilyn,Bellord,"That Night in Varennes (Nuit de Varennes, La)"
Robby,Holbie,Black and White in Color (Noirs et blancs en couleur)
Claiborn,Taffurelli,Forever Amber
Willie,Wadsworth,Stars
Kenton,Townsend,Extraction
Idelle,Menhci,Walking Tall
Bartram,Burke,Klute
Berton,Goult,Secret Admirer
Adriano,Lazer,Winter Light (Nattvardsgästerna)
Hillie,McGaughay,Rentun Ruusu
Armando,Smalley,Two Ninas
Alessandra,Sagrott,Bill & Ted's Bogus Journey
Vanny,Dukesbury,Encounters at the End of the World
Jesse,Touhig,"Good Day to Die Hard, A"
Henka,Thunnerclef,Red Hill
Bonnibelle,Parcells,"Midsummer Night's Dream, A"
Esta,Swindells,Stay
Kandy,Hallin,3 Strikes
Alfons,Loggie,Alice Adams
Claudio,Sewart,Wishmaster
Orion,Denerley,Star 80
Aluin,Bampton,Lake Placid
Syman,McCulloch,Every Other Week (Varannan vecka)
Gabrielle,Dunican,Tuvalu
Colleen,Blythe,Negative Happy Chainsaw Edge (Negatibu happî chênsô ejji)
Boyce,Rosenstein,"River Why, The"
Madelin,Culvey,"Hitman, The"
Beryl,Fines,Waco: A New Revelation
Rufus,Lindeboom,"Muppet Christmas Carol, The"
Tammie,Dews,Subspecies
Cash,Coton,Dead Ringer
Kristan,Casine,Fallout
Larisa,Mochar,"Woman's Face, A"
Lorne,Stapley,Audition (Ôdishon)
Arnoldo,Cuerdale,"Jitney Elopement, A"
Stephine,Labbati,Loser
Haskell,Castel,No Looking Back
Marin,Gyngell,Destruction Force
Sondra,Chander,"Crawling Hand, The"
Kirbee,Dabinett,Craig Ferguson: Does This Need to Be Said?
Timmy,Blonden,Impulse
Shaun,Piller,"Arise, My Love"
Odette,Drejer,Blue Sky
Ivy,Lillicrop,Rat King
Prinz,Fulleylove,Kiss and Tell
Rhodia,Conant,"Flying Fleet, The"
Juliann,Dimitriev,Who's the Man?
Madeleine,Dillimore,Sweet November
Daniela,Dewsbury,"Perfect Human, The (Perfekte Menneske, Det)"
Hasty,Berridge,"Tuskegee Airmen, The"
Kelsy,Causon,"Big Knife, The"
Toddie,Fusco,Bambi 2
Gwennie,Barham,Jane Eyre
Tiebout,Sapsed,"Affair of the Necklace, The"
Casey,Radbourne,We're No Angels
Cynthea,Thame,Man with the Screaming Brain
Bengt,Elward,"American Tail, An"
Nat,Meighan,"Hot Chick, The"
Karyl,Goggin,Psyhi vathia (a.k.a. Deep Soul)
Edith,Strahan,Precision: The Measure of All Things
Ginny,Turgoose,Beyond the Sea
Doroteya,Sharples,"Gun in Betty Lou's Handbag, The"
Graig,Cumbes,"Perks of Being a Wallflower, The"
Sawyer,Godber,United States of Secrets (Part One): The Program
Delphine,Stearn,Antibodies (Antikörper)
Ludovico,Gionettitti,"Underground Comedy Movie, The"
Dickie,Rubinowitsch,Sweet Rush (Tatarak)
Austina,Halle,Five
Osbourne,Neylan,It's Pat
Trudie,Ryall,Big Bad Mama
Mandi,Mattsson,Dracula A.D. 1972
Maximo,McNern,Kongo
Barnie,Ipgrave,In the Realms of the Unreal
Fidelio,Oswald,"Perfect Family, The"
Tadio,Cayzer,Animal
Ernst,Brigge,First Target
Luca,Prandi,Skin Deep
Celle,Tolley,Bert - Den siste oskulden
Townie,Cassie,Tabloid
Janine,Gubbins,Soo (Art of Revenge)
Clarice,Sartain,Nobody Will Speak of Us When We're Dead (Nadie hablará de nosotras cuando hayamos muerto)
Dorey,Screech,Soul Survivors (a.k.a. The Killer Cut)
Cassie,Pisco,Kill Switch
Nanny,Cecil,Swing Vote
Robers,De Clairmont,"Princess of Montpensier, The (La princesse de Montpensier)"
Shermie,Westlake,I Start Counting
Lina,Papachristophorou,Shipwrecked (a.k.a. Haakon Haakonsen)
Branden,Tomankiewicz,Quand je serai petit
Lyon,Boulds,How Stella Got Her Groove Back
Ernesto,Pautard,"Inheritors, The (Siebtelbauern, Die)"
Briana,Rawsthorn,8th Wonderland
Scarlet,Sex,"Getaway, The"
Jillian,Ballefant,How the Grinch Stole Christmas (a.k.a. The Grinch)
Eleen,Goodie,Tobruk
Cherilyn,Caston,"Sea Is Watching, The (Umi wa miteita)"
Happy,Hesbrook,"Thick-Walled Room, The (Kabe atsuki heya)"
Suzanne,Webberley,Tart
Herbie,Donohoe,To the Shores of Tripoli
Arvin,Dunbar,Wild Zero
Shellysheldon,Alejandro,"Gun in Betty Lou's Handbag, The"
Emmy,Lamplugh,Maya Lin: A Strong Clear Vision
Lina,Danelutti,"Secret Life of Words, The"
Clerissa,Goldhill,"Fighting Spirit, The"
Derward,Darmody,North West Mounted Police
Fransisco,Lyddon,Anna Christie
Faye,Fuentez,"Land Before Time II: The Great Valley Adventure, The"
Clair,Raddin,"Song Remains the Same, The"
Dominique,People,Harry and Walter Go to New York
Arlena,Ruthven,"Unreasonable Man, An"
Federica,Burnes,Jim Thorpe -- All-American
Keven,Collibear,Outside Satan (Hors Satan)
Nefen,Siviter,"Welcome Back, Mr. McDonald (Rajio no jikan)"
Rodolphe,Snoxall,That Hagen Girl
Candis,Hookes,Cool Runnings
Humphrey,Flisher,Maidens in Uniform (Mädchen in Uniform)
Ariel,Keyser,Tropico
Lane,Malser,U.S. Marshals
Perri,Lorraway,World Traveler
Ricoriki,Synke,He Who Dares
Ophelia,Aggus,Madhouse
Harvey,Flipek,Carrie
Donovan,Mc Caghan,Highlander: The Source
Agretha,Margrett,"Secret Life of Bees, The"
Emeline,Carnalan,SS Experiment Love Camp (Lager SSadis Kastrat Kommandantur)
Ingemar,Batham,Richard III
Briny,Wellbank,Results
Westbrooke,Adolthine,K2
Lois,Abbatt,Godzilla and Mothra: The Battle for Earth (Gojira vs. Mosura)
Jane,Goulding,Freedomland
Kenneth,Dradey,Manhattan Melodrama
Fransisco,Deakins,"Buccaneer, The"
Barbie,Carncross,Ugly
Rosaline,Fishenden,Presumed Guilty (Presunto culpable)
Barbee,Hagwood,"Ultramarines: A Warhammer 40,000 Movie"
Celia,Matussow,Fuck
Tabby,Keely,"Stupids, The"
Isabelle,Myatt,Fuck
Reggy,Langmaid,Psycho III
Farlie,Sandey,Exit Wounds
Forrester,Detheridge,Hollywood Ending
Sheba,Hightown,Floods of Fear
Laurie,Elleyne,Runaway Train
Bonnie,McTague,Saw IV
Fawn,Attryde,Breaking Away
Elana,Boord,Rabbit à la Berlin (Królik po berlinsku)
Donelle,Dexter,Winnie the Pooh and Tigger Too
Budd,Gofford,Mortdecai
Robinet,Martinot,"Princess and the Goblin, The"
Guenna,Haitlie,Secuestrados (Kidnapped)
Jaclyn,Tomkies,"Barber of Siberia, The (Sibirskij tsiryulnik)"
Margret,Pearson,Eating Raoul
Reeva,Wison,Itty Bitty Titty Committee
Janeva,Ivett,'Neath the Arizona Skies
Aube,Ivic,"Puff, Puff, Pass"
Mohammed,Benedict,"Man and a Woman, A (Un homme et une femme)"
Cal,Rubinowitz,Mystics in Bali (Leák)
Edan,Marchetti,"Children's Hour, The"
Bev,Ryott,Metal Brothers (Mammas pojkar)
Sarita,Gorgen,The Magnet
Chlo,Cabera,Feast II: Sloppy Seconds
Clevie,Micah,Mahakaal (The Monster)
Genovera,McDoual,Cherry Crush
Brenn,Ratt,Winter Passing
Maible,Clail,Fuga de cerebros
Skipper,Gierke,The Hanoi Hilton
Gradey,Shitliffe,Ripe
Myra,Tumilty,"Wild Angels, The"
Julia,Sainteau,Our Daily Bread (Unser täglich Brot)
Franklin,Sandells,Celine and Julie Go Boating (Celine et Julie vont en bateau)
Suzette,Vautrey,Ghost in the Shell (Kôkaku kidôtai)
Dido,Felgat,Prom Queen: The Marc Hall Story
Creight,Norcliff,"Amateur, The"
Mag,Iannelli,"Principal, The"
Meaghan,Gawen,Equinox
Magdaia,Harken,After the Wedding (Efter brylluppet)
Shaylah,Crebott,Beatdown
Garrard,Dowbekin,"Dilettante, La"
Jorie,De Normanville,Reykjavik-Rotterdam
Barnabe,Benka,Black Tights (1-2-3-4 ou Les Collants noirs)
Lynnelle,Guyers,Wilder Napalm
Rachael,Degnen,Butch Cassidy and the Sundance Kid
Aubry,Chander,"Gunfighter, The"
Adina,Skeldon,"Chasers, The (Jakten)"
Gallagher,Keoghane,"Apple, The (Sib)"
Gerti,Newark,Murk (Mørke)
Carlene,D'Arrigo,Lost in Austen
Gustave,Antoshin,Fabled
Gideon,Petrushanko,Ramona and Beezus
Edeline,Cauldfield,Morocco
Johan,Dornin,"Legend of Suram Fortress, The (Ambavi Suramis tsikhitsa) "
Bealle,Tipperton,Swing
Talya,Siemianowicz,"Krakatoa, East of Java"
Joyce,Wedderburn,Molly Maxwell
Meggy,Stair,"Tough Ones, The (Häjyt)"
Rosco,Woodthorpe,Any Number Can Play
Jessalin,Dannell,Smooth Talk
Roland,Cutbirth,Green Lantern: Emerald Knights
Illa,Brayshaw,Backtrack (Catchfire)
Angil,Wharrier,Kiss Me Goodbye
Martino,Taill,Second in Command
Meggie,Pescod,Hercules in the Underworld
Vanny,Ingrey,"Brothers McMullen, The"
Cecily,Birnie,Go
Lizzie,Lagneaux,Room 666 (Chambre 666)
Klarrisa,Omrod,"Dentist, The"
Kore,Fishbourne,Ghosts of Girlfriends Past
Livvyy,Lillicrop,Christine
Magdalen,McVie,Splitting Heirs
Jean,Cardus,"Aguirre: The Wrath of God (Aguirre, der Zorn Gottes)"
Florina,Gheerhaert,Project Grizzly
Sherline,Marley,The Elephant Man
Barbey,Hutchcraft,The Expelled
Laura,Dunbabin,Black Cloud
Amye,Gerriessen,Common Places (a.k.a. Common Ground) (Lugares comunes)
Rasia,Duffil,O Lucky Man!
Haywood,O'Devey,The Diary of Anne Frank
Arel,Teale,Leave
Leelah,Mount,"Boxtrolls, The"
Dacie,Mikalski,Need for Speed
Ethyl,Petzold,Bubba Ho-tep
Veronika,Arckoll,Striking Range
Orrin,Atwel,Shadow Kill
Lockwood,Ager,Pitfall (Otoshiana)
Hugues,Antalffy,Antitrust
Vania,Wakely,Kinyarwanda
Gabi,Rock,Screamtime
Mendy,Shellsheere,Tall Story
Lily,Smiz,Films to Keep You Awake: The Christmas Tale (Películas para no dormir: Cuento de navidad)
Gareth,Fontes,"Gods Must Be Crazy III, The (a.k.a. Crazy Safari) (Fei zhou he shang)"
Phyllida,Grigson,"Charlie Brown Christmas, A"
Yule,Chorlton,The Gamers
Linn,Martinyuk,Zeisters (Fat Guy Goes Nutzoid)
Marve,Dudson,Voices
Dana,Fabri,Snake-Crane Secret (She hao dan xin zhen jiu zhou)
Euphemia,Trusslove,Gemini (Sôseiji)
Maureene,Dussy,Savior
Agnese,Farmiloe,44 Inch Chest
Mimi,Metherell,Szamanka
Vincents,Faull,Wanted
Leontyne,Sprigging,Kafka
Charmane,Elsmor,Till Human Voices Wake Us
Arlene,Stredwick,Jumbo (Billy Rose's Jumbo)
Izak,Axtonne,Fires on the Plain (Nobi)
Prudy,Willimott,Churchill: The Hollywood Years
Karlotta,Yetman,Her Highness and the Bellboy
Hildegarde,Klees,"Band Called Death, A"
Stephana,Minear,My Fair Lady
Cristy,Najara,Everything Must Go
Romy,McGeachy,"Big Squeeze, The"
Daphene,Lankester,"Mummy's Tomb, The"
Melony,Twaite,Three on a Weekend
Kennedy,Cassely,Two Much
Montague,Gilham,June 9 
Conway,Colafate,Evil Dead II (Dead by Dawn)
Cherianne,Jacketts,"Night in Casablanca, A"
Karylin,Bourget,"Rome, Open City (a.k.a. Open City) (Roma, città aperta)"
Budd,Mathias,Man on a Mission: Richard Garriott's Road to the Stars
Lenee,Aughtie,Cuckoo in a Dark Forest (Kukacka v temném lese) 
Gerhardine,Marcussen,King Lear (Korol Lir)
Candide,Smorthit,Kimberly
Erinna,O'Nions,Wings of Honneamise (Ôritsu uchûgun Oneamisu no tsubasa)
Eliot,Soper,"Great Train Robbery, The"
Lonnard,Clarkin,"Ape, The"
Bernadene,Franciotti,Control
Eryn,Buss,Company Business
Culver,Penrose,Backwood Philosopher (Havukka-ahon ajattelija)
Phillie,Scarth,Blossoms in the Dust
Rutledge,Phippin,"Age of the Earth, The (A Idade da Terra)"
Chaunce,Stayt,"Blind Sunflowers, The (Los girasoles ciegos)"
Diannne,Morales,Lord of Tears
Siusan,Ropkes,Murderball
Lothaire,Sherrell,Killer Crocodile
Burtie,Sawbridge,The Boy
Arch,Dybald,Comme un chef
Joanie,Bicker,The Inner Circle
Gaston,Hugill,Big Buck Bunny
Tish,Turpin,"White Shadow, The"
Karen,Kubik,God Bless Ozzy Osbourne
Kirby,Klein,Strawberry and Chocolate (Fresa y chocolate)
Adam,Durtnall,Offside
Ellwood,Cohn,Scorpio Rising
Frederich,Hillum,"Knight's Tale, A"
Lonny,Fouldes,Right Now (À tout de suite)
Alaric,Ciementini,Elsa & Fred
Wallie,Blunsen,Phaedra
Bancroft,Littleproud,"Forbidden Kingdom, The"
Collete,Paolini,Raw Deal
Lebbie,Wevell,And Starring Pancho Villa as Himself
Keeley,Sims,Cowboy del Amor
Flory,Gummoe,Jules and Jim (Jules et Jim)
Martita,Lowder,Havana
Amaleta,Hallor,Hide-Out
Rob,Boswood,"First Deadly Sin, The"
Sal,Thieme,House Party 2
Hobard,Hiskey,"Damsel in Distress, A"
Felipe,Pepperd,Milka - A Film About Taboos (Milka - elokuva tabuista)
Elbertine,McConnell,"Left-Hand Side of the Fridge, The (Moitié gauche du frigo, La)"
Suzette,Elkington,Parisian Love
Tamar,Carhart,"Accused, The"
Jillian,Whitcombe,"27 Club, The"
Nelle,Dobbinson,Big City Blues
Kiri,Gilsthorpe,"Aral, Fishing in an Invisible Sea"
Elia,Beamiss,When in Rome
Randi,Blacksell,"Woodmans, The"
Alidia,Merrell,"Way of the Dragon, The (a.k.a. Return of the Dragon) (Meng long guo jiang)"
Susanne,Larwell,Nixon by Nixon: In His Own Words
Sadie,Lovejoy,Material Girls
Olenka,Raffan,Beauty Is Embarrassing
Leonardo,Heggison,Harlan County U.S.A.
Clare,Laws,"Anderson Tapes, The"
Cully,Iacovaccio,She-Wolf of London
Fitzgerald,Stempe,House Party
Timotheus,Wisher,Unfaithful
Ninnette,Dallinder,Dragon Ball Z: Bojack Unbound (Doragon bôru Z 9: Ginga girigiri!! Butchigiri no sugoi yatsu)
Alecia,Cocksedge,Signs
Odella,Nipper,Champagne
Yuri,Abys,"Blueprint for Murder, A"
Daveta,Hoggins,Angel's Egg (Tenshi no tamago)
Estella,Emerson,13 Beloved (13 game sayawng)
Tracie,Lightowlers,Mr Hublot
Pepito,Wilstead,Confessions of a Superhero
Adoree,Rany,Mission to Mir
Tami,Tabbernor,Man Trouble
Trefor,Lee,"Sword in the Stone, The"
Glenda,Mabey,Dragonheart 2: A New Beginning
Michele,Richichi,"Cherry Orchard, The (Sakura no sono)"
Ranice,Punt,Bad Company
Addy,Shergill,"Guy Named Joe, A"
Ros,Paul,All Quiet on the Western Front
Steven,Christou,Sweeney Todd: The Demon Barber of Fleet Street
Maryjane,Livard,Win a Date with Tad Hamilton!
Arabela,Bewlie,"Tough Guise: Violence, Media & the Crisis in Masculinity"
Nady,Bleasby,Broken
Elfie,Eschalette,"Show, The"
Teddie,Morehall,Dylan Moran: Monster
Tucky,Mingame,Touch of Pink
Consalve,Windebank,1776
Freedman,Minchinden,Cherish
Lacie,Rickeard,Asterix & Obelix vs. Caesar (Astérix et Obélix contre César)
Elsi,Krugmann,Otakus in Love
Konstantine,Shawl,Diabolique
Lucille,MacKee,Lady Be Good
Audry,Burnsides,The Vengeance of Fu Manchu
Moise,Grote,National Lampoon's Cattle Call (Cattle Call)
Raphaela,Nelthrop,Cobra
Ediva,Bandiera,Halfmoon (Paul Bowles - Halbmond)
Hanni,Mc Combe,Journey 2: The Mysterious Island
Gustaf,Karpenko,Until the End of the World (Bis ans Ende der Welt)
West,Simpkiss,Branded
Fanni,McShane,Percy Jackson: Sea of Monsters
Nancey,Hanna,Katze im Sack
Lorita,Errigo,Day and Night (Dag och natt)
Stacy,Tireman,Love and Death
Saidee,Berridge,Ivanhoe
Dev,Grave,Easy Rider
Joyan,MacDougall,Mascara
Moyra,Youd,Son of Batman
Carlie,Auckland,"Geographer Drank His Globe Away, The (Geograf globus propil)"
Karia,Everton,Anna and the King
Patrica,Zienkiewicz,"300 Spartans, The"
Edie,Sapir,Restraint
Louise,Cauderlie,"Bugs Bunny / Road Runner Movie, The (a.k.a. The Great American Chase)"
Daven,Simko,Big Easy Express
Aguistin,Eltune,A Coming-Out Party
Melania,Rugge,Hangman's Curse
Harriette,Hawker,"11'09""01 - September 11"
Hillyer,McTrustam,"Secret Life of Walter Mitty, The"
Shara,Marsden,Ferris Bueller's Day Off
Egon,Behling,Final Destination 5
Bron,Salsberg,Norbit
Danya,Gable,Nordkraft
Moss,Sutherland,"Wedding Singer, The"
Nan,Fiddeman,Mean Machine
Dan,Easterfield,"House of Seven Corpses, The"
Grazia,Gentry,"Dog's Life, A"
Dulcie,Morgan,Before I Self Destruct
Harmony,Hamber,Lovesick
Emmott,Jaan,My Wife is an Actress (Ma Femme est une Actrice)
Merrily,Lowe,Raffles
Freeman,Titmarsh,Night on Earth
Gris,Gedge,Beautiful Boy
Alexei,Feldbau,Music of the Heart
Ogdon,Reggler,OKA!
Brandais,Gooderham,Divorce American Style
Frederique,Bauman,Cold Steel
Rutter,Jaycock,"Day at the Races, A"
Friedrick,Dufty,Liberty Heights
Hayley,Dewett,Madigan
Dukie,Ornells,Ellen DeGeneres: The Beginning
Junina,Feldklein,Halls of Montezuma
Bobbie,Truswell,Hans (Kukkulan kuningas) 
Dagmar,Mardy,Gett: The Trial of Viviane Amsalem
Ainslee,Drewes,Monsters vs. Aliens
Ulises,Heineken,"Manhattan Project, The"
Agosto,Londsdale,Jesse Stone: Sea Change
Dara,Packington,Third Star
Zorina,McCurtin,Quills
Janifer,Royans,"Mikado, The"
Dore,Duddle,Where the Heart Is
Timmi,Legges,Dracula
Myrna,Sterry,Season's Greetings
Edy,Bister,Hugo
Dominica,Simmance,"Last Command, The"
Rora,Reynish,"Man from the Future, The (O Homem do Futuro)"
Constancy,Ibel,Identification Marks: None (Rysopis) 
Constantine,Adne,The Missionaries
Lynnelle,Scothorn,"Secret Garden, The"
Cynthie,Squirrell,Junior Prom
Amber,St. Clair,"Bank, The"
Karita,Jansens,Society
Jennine,McCreery,Klip (Clip)
Matty,Auton,Congorama
Mame,Scorrer,Cop in Drag
Fayette,Lofts,Near Dark
Lorant,Farley,Love In the Time of Money
Marlow,Kornyshev,"Last Ferry, The (Ostatni prom)"
Patrick,Boston,Code 46
Brig,Bayston,Murder Ahoy
Magda,Frosch,Bullet to the Head
Regina,Deabill,Inside Job
Ethyl,Spencock,Venice/Venice
Jamey,Samuel,Friend Zone (Pagafantas)
Garnette,Bellocht,Foo Fighters: Back and Forth
Terri,Anthonies,Butterfield 8
Winni,Lesser,Place Vendôme
Jessalyn,Bearne,Beautiful Losers
Woody,Destouche,Die Another Day
Kermit,Remmer,"Minion, The"
Trudey,Ruddiforth,"It's a Mad, Mad, Mad, Mad World"
Dory,Foulsham,The Suspicious Death of a Minor
Karlik,Surgeoner,Last Winter (L'hiver dernier)
Teresa,Jenoure,"Prophecy, The"
Marieann,Grangier,Wheel of Time
Whittaker,Mc Queen,Bottled Up
Sully,Balas,Grudge Match
Albertine,Bowell,"Fatal Hour, The"
Garvy,Jancik,Joe Strummer: The Future Is Unwritten
Lorna,Lightwing,Crazy Kind of Love
Dilan,Nuccitelli,Mercy 
Meggy,Walcot,Choppertown: The Sinners
Nicole,Vennard,"Secret of My Succe$s, The (a.k.a. The Secret of My Success)"
Diandra,Vedmore,Halloween 4: The Return of Michael Myers
Taite,Bummfrey,Joni's Promise
Shamus,Hockell,Coneheads
Lexi,Brentnall,George Washington
Mendie,Croxon,Bill Burr: I'm Sorry You Feel That Way
Darn,Letessier,Night of the Creeps
Corinne,Benit,Heat
Randy,McKilroe,"Killer Is Loose, The"
Melli,Salling,"Rewrite, The"
Grady,Camings,"Three Brothers, The (Les trois frères)"
Bradley,Vidgen,Tesla: Master of Lightning
Peterus,Ricciardelli,Femme Fatale
Cynthia,Riggert,"Glass-blower's Children, The (Glasblåsarns barn)"
Lammond,Kirsch,Excess Baggage
Luisa,Heathfield,What Just Happened
Glynn,Matthewes,Puckoon
Lionello,Jamrowicz,Lucky Number Slevin
Wittie,Jakoviljevic,"Great Yokai War, The (Yôkai daisensô)"
Hebert,Narbett,Son of God
Carl,Zahor,Road Games (a.k.a. Roadgames)
Cecilius,Menhci,Outsiders (Ceddo)
Harrison,Aris,Wolf Creek
Rodolphe,Deguara,Breathe In
Kathi,Spridgen,"Life Less Ordinary, A"
Rollo,Guilloneau,Road House
Doug,McGing,"Late Shift, The"
Shelli,Gabriel,Angel
Shamus,Northey,Pittsburgh
Joya,Ibanez,Rough Riders
Renard,Dunkerk,Secrets & Lies
Edithe,Scamp,"Intern, The"
Dorthy,Ivanovic,So Dear to My Heart
Gregorio,Ethridge,Essential Killing
Sosanna,Trott,Ann Carver's Profession
Torrence,Tippetts,Body and Soul
Chic,Sprigging,Mafioso
Elbert,Meiningen,Rififi (Du rififi chez les hommes)
Arron,Antonik,Southland Tales
Nikolaus,Gerty,"Glass House, The"
Diena,Searchwell,"Gospel According to St. Matthew, The (Vangelo secondo Matteo, Il)"
Hewett,Josum,Thérèse
Isidore,Foye,You Are the Apple of My Eye
Essie,Nowick,Farewell (L'affaire Farewell)
Christophorus,Vango,"Princess Diaries, The"
Jefferey,Ruppertz,I Accuse
Alma,Schuricke,Slaying the Badger
Colman,Flecknoe,Blind Justice (Hævnens nat)
Siobhan,Ianson,"Gold Rush, The"
Dalenna,Assur,One Spy Too Many
Ezekiel,Ingerith,Jab We Met
Bernarr,Martina,Glenn Killing på Berns
Upton,Giannotti,Rust and Bone (De rouille et d'os)
Manya,Ellson,Crawlspace
Clevey,Janak,Once Upon a Time in Anatolia (Bir zamanlar Anadolu'da)
Romy,Fritchley,Two Weeks Notice
Marty,Aspinwall,Exiled (Fong juk)
Nicky,Checklin,Simon
Enid,Haborn,Where the Heart Is
Cele,Savil,Emmet Otter's Jug-Band Christmas
Melita,Rabjohn,"Baby, The"
Dudley,Seys,Monte Carlo
Marcelia,Malarkey,Analyze That
Gardener,Rekes,Horror Business
Todd,Bread,Dagon
Cairistiona,Vasilevich,No
Sylvan,Skeleton,Tin Pan Alley
Sutton,Wehner,White Material
Kristan,McArthur,"Girl Said No, The"
Jo-ann,Slocumb,Going All the Way
Skippy,Rouff,SLC Punk!
Wilhelmina,Hoult,"Rimini, Rimini: A Year Later"
Starlin,Spennock,Why Not Me? (Pourquoi pas moi ?)
Hailey,Haseman,Liquid Sky
See,Yeld,Aqua Teen Hunger Force Colon Movie Film for Theaters
Lisha,Middleditch,Ned Kelly
Morey,Streak,Hedd Wyn
Karia,Collingdon,Poltergeist II: The Other Side
Gilda,Gilffilland,"Return of Swamp Thing, The"
Bekki,Bowhay,Sometimes in April
Marchelle,Roberto,My Chauffeur
Meryl,Sleicht,Adventure in Baltimore
Wilona,Code,Shorts
Reinwald,Fludgate,"Cove, The"
Dyan,Ropking,Sophia de Mello Breyner Andresen
Walsh,Hakey,White Dog
Gertrude,McGucken,Bad Words
Tricia,Bianco,"Walking Dead, The"
Harry,Abramow,Forbidden Games (Jeux interdits)
Evin,Northall,Blue Collar Comedy Tour: The Movie
Alvy,Birchwood,Mourning Becomes Electra
Grethel,Danit,"Land That Time Forgot, The"
Dolli,MacRitchie,Vizontele
Cassius,Vasilyev,Stag Night
Norby,Flintuff,Night Editor
Marj,Jestico,Day of the Falcon
Lorraine,Hurtado,"Moon Warriors, The (Zhan shen chuan shuo)"
Bordy,Turk,Bedknobs and Broomsticks
Mara,Coleborn,Goldengirl
Eberhard,Frensch,The Captains
Lorelei,Beake,Expecting a Miracle
Candi,D'Aeth,Diminished Capacity
Stanton,Gerring,American Boy: A Profile of: Steven Prince
Yoshiko,Kitney,Growing Pains
Nevile,Swatton,At Land
Francesca,Burwood,Skirt Day (La journée de la jupe)
Jere,Marielle,Kiss Me Kate
Alden,Raymen,Bye Bye Braverman
Verne,Diable,Prayers for Bobby
Chastity,Jagger,Return to House on Haunted Hill
Kimberli,Vonasek,Lollilove
Magdalene,Pitcock,"Secrets, The (Sodot, Ha-)"
Aube,Craigg,Rally On! (Ralliraita)
Wrennie,Ordelt,Boiling Point
Jay,Schober,"Claire's Knee (Genou de Claire, Le)"
Brynna,Starking,Make Believe
Nedi,Cordrey,Crime Lords of Tokyo
Raynell,Terram,Vampire in Venice (Nosferatu a Venezia) (Nosferatu in Venice)
Guthrie,Oxbrough,Lonesome Dove
Niki,Medcalfe,Godspeed
Doralynne,Bazley,"Blackbeard, the Pirate"
Gwendolyn,Penfold,Scott Walker: 30 Century Man
Jamima,Hoxey,My Life in Ruins
Vincenz,Peyes,Taste the Blood of Dracula
Thorvald,Malinowski,Taxi Driver
Lacie,Tipens,Brother Rat
Gabi,Ligertwood,Turn of Faith
Denise,Patterfield,American Graffiti
Rafaela,Basso,Phaedra
Max,Moorhead,Pink Saris
Goldi,Castaner,School of Rock
Deane,Pack,Heartbreak Hospital
Bessie,Cecere,About Last Night...
Ally,Prando,Soul Kitchen
Putnem,Ketcher,"Study in Terror, A"
Jamey,Manus,Enid Is Sleeping
Zulema,Buchan,Fantomas (Fantômas - À l'ombre de la guillotine)
Stillmann,Elvish,Frostbitten (Frostbiten)
Murielle,McIlwaine,Jerichow
Quinlan,Hugues,Kanak Attack
Randal,Bremen,12 Days of Terror
Arv,Dinse,Voyage of the Damned
Ruddy,Daintree,"Brother from Another Planet, The"
Ringo,Badrick,"Keeper, The"
Bridget,Shorey,Dead Awake
Berny,Lippitt,Butterfly
Janina,Rayer,Mr. Accident
Dalt,Guidoni,"Convent, The (O Convento)"
Maris,Windybank,Ask Me Anything
Gregorius,Pashen,Orders to Kill
Jerry,Ungerer,Marilyn: The Untold Story
Arturo,Leschelle,"Born Losers, The"
Avram,Searle,"Glass Menagerie, The"
Hettie,Doeg,V/H/S/2
Nilson,Pickthall,Nobody Loves Me (Keiner liebt mich)
Farand,Moreno,Too Many Husbands
Ruggiero,Perigoe,Viper in the Fist
Rabi,Stirzaker,"Longest Yard, The"
Elisha,Kilsby,"Last Godfather, The"
Alva,Toseland,Blended
Ilyse,Enderwick,"Master, The (Huang Fei Hong jiu er zhi long xing tian xia)"
Ezmeralda,Nockells,Leprechaun 4: In Space
Stormie,Hazelgreave,Evangelion: 2.0 You Can (Not) Advance (Evangerion shin gekijôban: Ha)
Mile,Spreadbury,"Great Stone Face, The"
Florette,Yesenev,Kids of Survival
Valera,Savary,Youth in Revolt
Wilmette,Exroll,"Give 'em Hell, Malone"
Velma,Abdee,Finding Forrester
Padraig,Bruntje,How to Train Your Dragon
Aprilette,Cowderoy,Love Loves Coincidences
Michele,Eubank,"Gunfighter, The"
Eddy,Thulborn,Yu-Gi-Oh!: Bonds Beyond Time (Gekijouban Yuugiou: Chouyuugou! Jikuu o koeta kizuna)
Regina,Alabastar,Mourning Becomes Electra
Nicol,Nunson,Tampopo
Alejandro,Volkes,Blame it on Fidel! (La faute à Fidel!)
Rafael,St. Queintain,"Garçu, Le"
Jaquenetta,McNee,Jane Eyre
Frank,Longridge,"Straight Story, The"
Demetris,Allsup,Bless the Beasts & Children
Dede,Menego,Navy Blues
Shirlee,Beames,Courage Mountain
Vladimir,Gaynes,"Bounty, The"
Katrina,Beisley,How the West Was Fun
Gard,Vurley,Exotica
Berk,Shuttleworth,Boiling Point (3-4 x jûgatsu)
Elisa,Dolohunty,It Follows
Katleen,Carswell,Never Make It Home
Ferrel,Tomkowicz,Liliom
Brynna,Keddey,Blame It on the Bellboy
Kira,O'Nolan,The Count of Monte Cristo
Shellysheldon,Gianulli,"I, the Jury"
Robby,Caccavari,Garage Olimpo
Grace,Atyea,Exorcist: The Beginning
Dewie,Hazelton,"Mole People, The"
Hildegaard,Uppett,"Flowers of St. Francis (Francesco, giullare di Dio)"
Micah,Gibbons,Hook
Sam,Mushet,Locke
Elbertina,Salman,Extraordinary Measures
Conrado,Treven,Across the Sea of Time
Isa,Climson,Siddhartha
Reeba,Hazelhurst,Snow White (Blancanieves)
Arabele,Haig,To Live (Huozhe)
Sloane,O'Sheeryne,"Eye of Vichy, The (Oeil de Vichy, L')"
Loraine,Leathley,"Eye, The"
Annabela,Bottrill,Windows
Brear,Foro,Oliver & Company
Doy,Cumbridge,Detroit 9000
Hayes,Beech,Rampage at Apache Wells
Jere,Pusey,"Traveler, The (Mossafer)"
Cort,Lickorish,"Battle of Shaker Heights, The"
Patrice,Candy,True Confessions
Venita,Hartup,Neighbors
Candida,Dyne,Dreamer: Inspired by a True Story
Armstrong,Sloam,Portrait of Jennie
Stacee,D'Agostini,"Girl Can't Help It, The"
Caye,Mussettini,Osmosis Jones
Rora,Dundridge,"Personals, The (Zheng hun qi shi)"
Crysta,Timbs,Israeli Intelligence (Hamosad Hasagur)
Nicol,Mont,Tyson
Cynthie,Dash,Remonstrance
Cly,Aymerich,Brown's Requiem
Raynell,Minchinton,My Name is Khan
Giulia,Lebang,"Notorious Bettie Page, The"
Dayle,Bole,"Kid, The"
Jorry,Sinncock,Mean Machine
Tedman,Skipsea,Purple Butterfly (Zi hudie)
Bennett,Hamner,Island at War
Leta,Shergold,Flavor of Green Tea Over Rice (Ochazuke no aji)
Stesha,Borman,Glorious 39
Lidia,Temple,23 Paces to Baker Street
Hesther,Heelis,Clear History
Nanci,Claybourn,3 Women (Three Women)
Charyl,Burberow,Circus of Horrors
Alvis,Windham,Face to Face (Ansikte mot ansikte)
Jacquenette,Antonchik,Zarafa
Cathrine,Braffington,Fierce People
Laird,Rahill,"Beast with Five Fingers, The"
Sibley,Lathleiffure,Hellsinki (Rööperi)
Sidoney,Shervil,Let It Ride
Kirsti,Pensom,"Lost Skeleton Returns Again, The"
Kay,Cowhig,Revolutionary Girl Utena: Adolescence of Utena (a.k.a. Revolutionary Girl Utena the Movie) (Shoujo kakumei Utena: Adolescence mokushiroku)
Cindee,Gayther,Omega Doom
Kizzee,Simoncelli,Heartbeats (Kohtaamisia)
Natasha,Balm,High School Hellcats
Jobye,Challice,"Love Affair, or the Case of the Missing Switchboard Operator (Ljubavni slucaj ili tragedija sluzbenice P.T.T.)"
Caesar,Walley,Enemies: A Love Story
Milissent,Nafziger,Flicka
Camella,Jochen,Rough Night in Jericho
Adams,Linstead,Falling in Love
Hartwell,Findlay,"Strange Love of Martha Ivers, The"
Marissa,Spyby,"Titfield Thunderbolt, The"
Iorgo,Tort,From Beijing with Love
Dody,Lusgdin,"Best Exotic Marigold Hotel, The"
Mandy,Moroney,Never Say... Never! (Il ne faut jurer... de rien!)
Lyle,Arnolds,Dangerous Liaisons
Aldo,Conklin,Supporting Characters
Letty,Hellyar,The Girl in a Swing
Flint,Stainbridge,Stockholm Stories
Jamison,Collard,Piranhaconda
Eberhard,Fricke,Wild Seven
Marijo,Gothup,"Blind Menace, The (Shiranui kengyô)"
Eduardo,Schlagman,Deceived
Franni,Tabbernor,Love and Other Catastrophes
Lorena,Karmel,I Bought a Vampire Motorcycle
Kipp,Knibbs,Playing
Gill,Utteridge,House Arrest
Whitman,Jahnke,Maskerade
Starlene,Upcraft,Pericles on 31st Street
Milka,Balhatchet,Talk to Me
Maiga,Emes,Oliver Twist
Burk,Foulsham,Field of Dreams
Shalna,Cardenas,Bullhead (Rundskop)
Finn,Evison,"Devil's Advocate, The"
Rollin,Restorick,"Rutles: All You Need Is Cash, The"
Jobyna,Alders,The Inspector
Odele,Dreinan,Shameless (Maskeblomstfamilien )
Elisabeth,Dwire,Metal Brothers (Mammas pojkar)
Ilaire,Scourge,Canciones de amor en Lolita's Club
Kyle,Fielding,"Black Power Mixtape 1967-1975, The"
Theresita,Episcopio,Sweepers
Tessy,Agastina,Possession
Karla,Given,Krull
Alfredo,Flea,Where the Money Is
Sheppard,Gerren,By the Law
Lexis,McCrum,"Mountain Men, The"
Corrianne,Buick,Charlie Chan in Shanghai
Sandie,Ferryn,Queen to Play (Joueuse)
Gery,McLachlan,Not Another Teen Movie
Hetty,McCree,"Central Park Five, The"
Layne,Gillice,Paris Is Burning
Gretta,Sabie,Enemy of the State
Shannah,Laming,Mary
Myrtia,Myhan,Radio On
Kirk,Myner,"Man Named Pearl, A"
Cleavland,Reeveley,"Three Lives of Thomasina, The"
Dew,Sawdon,"Keys of the Kingdom, The"
Sorcha,Claisse,"Officer and a Gentleman, An"
Sammy,Kelby,Maid in Manhattan
Vachel,Balazin,"Song Remains the Same, The"
Lou,Zanini,Fahrenheit 9/11
Napoleon,Nappin,Crime Wave
Esme,Baudon,Helen
Leo,Balch,Land of the Blind
Rey,Caird,Rapt
Ericka,Methven,"Score, The"
Gabbie,Pregel,"Last Season, The"
Ingaberg,Dudgeon,Draft Day
Kippar,Boor,Attraction
Consuela,Pigot,Why Man Creates
Maureene,Haycock,"Baxter, The"
Amity,Exley,"Middle of the World, The (O Caminho das Nuvens)"
Andi,Gerbel,"Extraordinary Adventures of Mr. West in the Land of the Bolsheviks, The (Neobychainye priklyucheniya mistera Vesta v strane bolshevikov)"
Harmonia,Lile,Whispering Corridors (Yeogo Goedam)
Jana,Spieck,The Christmas Wish
Merrie,Caizley,Annie
Shepard,Whyte,Benny's Video
Halette,Hritzko,"Nanny Diaries, The"
Charin,Everal,State of Play
Terence,Dysart,Three Ages
Dylan,Blacksell,Torrente 3: El protector
Jaquelyn,Alsford,"Bohemian Life, The (La vie de bohème)"
Alida,Dommersen,"Execution of P, The (Kinatay)"
Fernande,Noades,"Incredible Hulk, The"
Mallissa,Grealish,I'll Be There
Krystle,Klossmann,No Looking Back
Modestia,Poncet,R.S.V.P. 
Farica,Atto,"World, The (Shijie)"
Nomi,Scripps,Hana (Hana yori mo naho)
Carmen,Webling,"Wedding Weekend, The (Sing Now or Forever Hold Your Peace) (Shut Up and Sing)"
Mitchael,Conway,Wise Blood
Glad,Edler,Son of Godzilla (Kaijûtô no kessen: Gojira no musuko)
Louisette,Coneron,Canon
Shelba,Dakers,Terms of Endearment
Onfroi,Goodered,Fanny
Lucian,Banasik,"Callejón de los milagros, El"
Lemmy,Hickeringill,Masquerade
Bernice,Rosentholer,By the Law
Warner,Mawd,"5th Musketeer, The (a.k.a. Fifth Musketeer, The)"
Odella,Beauly,"Temp, The"
Lorettalorna,Nickoll,May
Carmine,Sellens,Chuck Norris vs Communism
Ali,Albutt,Levitated Mass
Glenda,Chaster,Bird
Henka,Hacket,Relax... It's Just Sex
Rockey,Duchant,Samurai Vendetta
Elena,Hussey,L.627
Petunia,Curgenuer,"Devil's Nightmare, The (Plus longue nuit du diable, La)"
Costa,Cable,Tuulikaappimaa
Brina,Applewhite,"Clean, Shaven"
Lazaro,Treherne,711 Ocean Drive
Rubetta,L'Episcopi,"Noah's Arc Principle, The (Arche Noah Prinzip, Das)"
Nollie,McKeachie,B-Side
Catlaina,Coneley,Separation City
Tate,Milland,Me Myself I
Constantine,Massy,Suspicion
Lonee,Brydie,Stormbreaker (Alex Rider: Operation Stormbreaker)
Arlen,Thomerson,Eight Below
Kalina,Ladell,Grouse
Moises,Gosnall,Out of Balance: ExxonMobil's Impact on Climate Change
Dominic,Abramamov,Shut Up and Play the Hits
Simone,Millott,Shadowlands
Hector,Cornell,Bad Dreams
Llywellyn,Shone,Bathory
Beth,Kassman,Flashbacks of a Fool
Dianemarie,Beazer,Katzelmacher
Katherina,Shore,Dr. Seuss' The Lorax
Babbie,Chislett,The House of Intrigue
Elnore,Briffett,Mr. Klein (Monsieur Klein)
Care,Scotchforth,Grand Piano
Travis,Gamlen,Cyberbully
Arnold,Crawford,I Went Down
Phaedra,Paolotto,"Bûche, La"
Louie,Frere,Cashback
Abbott,Drillingcourt,G. I. Blues
Dominique,Finlaison,Mona Lisa
Benjamin,Fellini,"Dawn Patrol, The"
Farlay,Cullum,"Purple Ball, The (Lilovyy shar)"
Eziechiele,Casey,Things to Do in Denver When You're Dead
Saxe,Dumbleton,Heaven Can Wait
Rafa,MacColm,Shadowboxer
Chilton,Lovemore,Riddick
Sophia,Romanetti,Cuba
Effie,Foot,"Patriot, The"
Elicia,Blaasch,Jekyll
Danella,Ollarenshaw,"President's Last Bang, The (Geuddae geusaramdeul)"
Mufi,Kretschmer,Spin
Milka,Dradey,Wives and Lovers
Melamie,Barends,Impure Thoughts
Helenelizabeth,Guidera,Last Dance
Oliver,Pakeman,Another Stakeout
Karly,Massie,Trance
Roseline,Brinson,Alien Trespass
Marcelle,Edney,Zotz!
Violante,Petranek,Ballermann 6
Hew,Bentzen,How to Die in Oregon
Cletus,Sirey,You Only Live Twice
Hannie,Guppey,"Chinoise, La"
Gard,Ashdown,Pushing Hands (Tui shou)
Helge,Speakman,Perfect
Oona,Addinall,"City of Lost Souls, The (Hyôryuu-gai)"
Kacey,Gabbat,California
Hetty,Wooderson,He Was a Quiet Man
Geralda,O'Hdirscoll,Seventh Heaven
Veronika,Powder,Balto
Karola,Holde,Grown Ups 2
Berry,Pinkstone,"Laterna, ftoheia kai garyfallo"
Nancie,Dietz,Ever After: A Cinderella Story
Nydia,Brocklebank,Greed
Colleen,Dear,"Rocking Horse Winner, The"
Claudine,Vassman,Empire State
Harriot,Skillen,"Bone Man, The (Der Knochenmann)"
Joela,Gawthrop,Welcome to Mooseport
Stanley,Hammett,Ghajini
Salomon,Kadar,Something the Lord Made
Bronny,Greenside,Call Girl
Claudetta,O'Feeny,Deuce Bigalow: Male Gigolo
Avrom,McCooke,MacGruber
Clywd,Dackombe,"Turkish Dance, Ella Lola"
Pippo,Fenelon,"Five Senses, The"
Jenn,Rogez,Diana
Andreas,Trussman,"Apprenticeship of Duddy Kravitz, The"
Archy,Sweetland,3 Little Ninjas and the Lost Treasure
Marji,Tamburi,"Football Factory, The"
Forrester,Murcutt,"Snitch Cartel, The (El cartel de los sapos)"
Caresse,Deek,Eureka (Yurîka)
Shawnee,Swaddle,Black or White
Malissia,Ritzman,Repossessed
Packston,Curtayne,Transformers
Nollie,Clooney,Four Minutes (Vier Minuten)
Clarisse,Glowacha,Kitchen in Paris
Iormina,Yabsley,Nicht alle waren Mörder
Michal,Summerson,Summer Heights High
Townsend,Dowry,"Invisible Circus, The"
Livvie,Rummery,"Employment, The (Empleo, El)"
Oswell,Belfitt,Elephant
Francis,Reilly,5th Day of Peace (Dio è con noi)
Aron,Gossage,"Last Shot, The"
Rosalie,Torrent,"Last Godfather, The"
Karlik,Barbie,Alone for Christmas
Leona,Halligan,Sherlock Holmes and the Secret Weapon
Selle,Dykins,Dark Matter
Sebastian,Frane,Lila Says (Lila dit ça)
Harlan,Truitt,In the Edges: The 'Grizzly Man' Session 
Gray,Scatchard,Unfaithfully Yours
Leo,Hubeaux,Something the Lord Made
Sterne,Heinlein,"Model Couple, The (Le couple témoin)"
Madalena,Muddle,Don't Look Back
Eve,Whitmell,Striking Distance
Thatcher,Enderson,Outskirts (Okraina)
Phoebe,Backshell,"Inn in Tokyo, An (Tôkyô no yado)"
Dody,Cheine,"Bridge Too Far, A"
Obadiah,Fetter,Grand Masti
Cathi,Cometti,Heiter bis wolkig
Philbert,Nolli,Penny Serenade
Gloriana,Buckenham,Mother's Day
Leora,Jarvis,Wrecked
Nonnah,Genn,Purple Noon (Plein soleil)
Pietro,Mackinder,Idiot's Delight
Pamelina,Brydone,Bangkok Dangerous
Coleen,Delue,Wanted
Giuditta,Barbrick,Christmas Carol: The Movie
Daniella,MacAlpin,Restless Blood (Levoton veri)
Gaylord,Janssens,Wedding Belles
Scot,Roseveare,"Monitors, The"
Ibrahim,Wehden,Across the Pacific
Issy,Dewane,Nothing Personal
Berget,Deacock,Long Night's Journey Into Day
Yoshi,Gages,"Oh, Heavenly Dog!"
Alonzo,Behnecke,Chasing Papi (a.k.a. Papi Chulo)
Emilio,Nelane,My Dog Tulip
Nicol,Brownstein,"New York, New York"
Eleen,Branton,Blood Alley
Raddy,Meace,"Price Above Rubies, A"
Rand,Colvin,Alien Abduction
Cassandra,McGlynn,"Mayor of Hell, The"
Tessie,Sussans,Asphalt Playground (La cité rose)
Brier,Diamond,Yankee Doodle Dandy
Matias,Smithin,"Whales of August, The"
Allen,Izak,Midnight Lace
Rockwell,Cordeau,Jay and Silent Bob Strike Back
Fairfax,Garrish,"Last Seduction, The"
Viviene,Cowling,Krrish 3
Debee,Mayoral,"Naked Edge, The"
Charlton,Maudlen,Witness for the Prosecution
Bobbette,Kensley,Devil's Playground
Susanna,McGowran,Tavarataivas
Axe,Ruppeli,Mean Girls
Jarrad,Southernwood,America Before Columbus
Ringo,Dumbelton,Friends with Money
Sheri,Sellar,End of Watch
Cinda,Cromett,"Cloud-Capped Star, The (Meghe Dhaka Tara)"
Claudina,Clint,Escape From Tomorrow
Regina,Treffrey,"Man Who Never Was, The"
Caritta,Salkild,Baarìa
Blakeley,Fley,"Fantastic Fear of Everything, A"
Shayne,Morter,"Patriots, The (Patriotes, Les)"
Valentin,Bavin,Let the Good Times Roll
Dareen,Belamy,"Faculty, The"
Kendell,Dawe,Boiling Point
Trisha,Cay,Ferris Bueller's Day Off
Dasha,Hrinchenko,Dry Summer (Susuz yaz) (Reflections)
Gerladina,Louden,Parenthood
Brandtr,Niesel,Prom
Aloin,Pitcaithly,Caligula
Brucie,Van der Son,Revenge
Candy,Potter,Balkan Spy (Balkanski spijun)
Francisco,Branston,Soulless
Tiff,Lingwood,Such Hawks Such Hounds
Bradly,Ebbins,"Hammer, The"
Tiphany,Duckering,Sinners and Saints
Arluene,Matiewe,Strangers with Candy
Coleen,Galtone,La Morte Rouge
Elita,Chang,Police Academy 3: Back in Training
Neille,Geldart,We're Not Dressing
Emiline,Slocom,Isolation
Anthe,Gain,Victim
Jenilee,Tregian,"Deep End of the Ocean, The"
Ailee,Mityushin,"Blood, Sweat + Vinyl: DIY in the 21st Century"
Sydelle,Huffey,Meteor
Karissa,Mc Faul,James Gandolfini: Tribute to a Friend
Eulalie,Matteau,Everybody's Fine
Feodor,Stendell,Three Wishes
Guinna,Wand,Look at Me (Comme une image)
Cy,Whitelaw,Welcome to L.A.
Hugues,Bowton,Mutant Action (Acción Mutante)
Alano,Inker,Two Sons of Francisco (2 Filhos de Francisco - A História de Zezé di Camargo & Luciano)
Sibel,Robelow,Three Men and a Cradle (3 hommes et un couffin)
Krysta,Meletti,"Perfect Candidate, A"
Ardeen,Pavlenkov,Awake
Charlie,Mocker,"Island of Dr. Moreau, The"
Heath,Gyver,"Artist, The"
Katharina,Scothorne,"South, The (Lomalla)"
Vergil,Petracco,Love at the Top
Gilberte,Stannering,Daughter from Danang
Corina,Oxtoby,In the Land of Women
Quill,Bresner,Rosa Luxemburg
Natty,Spencook,Tyler Perry's I Can Do Bad All by Myself
Fanchette,Lackney,"Stepfather, The"
